[{"model": "users.profile", "pk": 1, "fields": {"user": 6, "role": "ADMIN", "full_name": "Egor Admin", "phone": "", "address": "", "city": "", "postal_code": ""}}, {"model": "users.profile", "pk": 2, "fields": {"user": 7, "role": "CUSTOMER", "full_name": "user1", "phone": "", "address": "", "city": "", "postal_code": ""}}, {"model": "users.profile", "pk": 3, "fields": {"user": 8, "role": "CUSTOMER", "full_name": "user2", "phone": "", "address": "", "city": "", "postal_code": ""}}, {"model": "users.profile", "pk": 4, "fields": {"user": 9, "role": "CUSTOMER", "full_name": "user3", "phone": "", "address": "", "city": "", "postal_code": ""}}, {"model": "users.profile", "pk": 5, "fields": {"user": 10, "role": "CUSTOMER", "full_name": "user4", "phone": "", "address": "", "city": "", "postal_code": ""}}, {"model": "users.profile", "pk": 6, "fields": {"user": 11, "role": "CUSTOMER", "full_name": "user5", "phone": "", "address": "", "city": "", "postal_code": ""}}, {"model": "users.profile", "pk": 8, "fields": {"user": 13, "role": "CUSTOMER", "full_name": "РҮвҲҡСӮ", "phone": "345345345", "address": "", "city": "", "postal_code": ""}}, {"model": "users.profile", "pk": 9, "fields": {"user": 14, "role": "CUSTOMER", "full_name": "РҺРҺС”СҠС”РҺСҠ", "phone": "32352345", "address": "", "city": "", "postal_code": ""}}, {"model": "users.profile", "pk": 10, "fields": {"user": 15, "role": "ADMIN", "full_name": "", "phone": "", "address": "", "city": "", "postal_code": ""}}, {"model": "users.profile", "pk": 11, "fields": {"user": 16, "role": "CUSTOMER", "full_name": "user", "phone": "2345233445", "address": "xgcfhjxc", "city": "xfgchx", "postal_code": "xgh"}}, {"model": "users.cart", "pk": 6, "fields": {"user": 7, "created_at": "2026-04-21T15:15:12.676Z"}}, {"model": "users.cart", "pk": 7, "fields": {"user": 8, "created_at": "2026-04-21T15:15:13.244Z"}}, {"model": "users.cart", "pk": 8, "fields": {"user": 9, "created_at": "2026-04-21T15:15:13.863Z"}}, {"model": "users.cart", "pk": 9, "fields": {"user": 10, "created_at": "2026-04-21T15:15:14.438Z"}}, {"model": "users.cart", "pk": 10, "fields": {"user": 11, "created_at": "2026-04-21T15:15:14.984Z"}}, {"model": "users.cart", "pk": 11, "fields": {"user": 6, "created_at": "2026-04-21T15:51:53.648Z"}}, {"model": "users.cart", "pk": 13, "fields": {"user": 13, "created_at": "2026-06-16T19:50:19.787Z"}}, {"model": "users.cart", "pk": 14, "fields": {"user": 14, "created_at": "2026-06-16T19:53:18.227Z"}}, {"model": "users.cart", "pk": 15, "fields": {"user": 15, "created_at": "2026-06-16T20:01:43.179Z"}}, {"model": "users.cart", "pk": 16, "fields": {"user": 16, "created_at": "2026-06-16T20:03:32.071Z"}}, {"model": "users.cartitem", "pk": 11, "fields": {"cart": 6, "product": 59, "quantity": 1}}, {"model": "users.cartitem", "pk": 12, "fields": {"cart": 6, "product": 67, "quantity": 1}}, {"model": "users.cartitem", "pk": 13, "fields": {"cart": 7, "product": 45, "quantity": 1}}, {"model": "users.cartitem", "pk": 14, "fields": {"cart": 7, "product": 60, "quantity": 1}}, {"model": "users.cartitem", "pk": 15, "fields": {"cart": 8, "product": 40, "quantity": 3}}, {"model": "users.cartitem", "pk": 16, "fields": {"cart": 8, "product": 51, "quantity": 1}}, {"model": "users.cartitem", "pk": 17, "fields": {"cart": 9, "product": 65, "quantity": 1}}, {"model": "users.cartitem", "pk": 18, "fields": {"cart": 9, "product": 41, "quantity": 2}}, {"model": "users.cartitem", "pk": 19, "fields": {"cart": 10, "product": 61, "quantity": 1}}, {"model": "users.cartitem", "pk": 20, "fields": {"cart": 10, "product": 36, "quantity": 3}}, {"model": "users.cartitem", "pk": 33, "fields": {"cart": 6, "product": 35, "quantity": 1}}, {"model": "users.cartitem", "pk": 34, "fields": {"cart": 11, "product": 35, "quantity": 2}}, {"model": "users.cartitem", "pk": 35, "fields": {"cart": 11, "product": 36, "quantity": 1}}, {"model": "users.cartitem", "pk": 36, "fields": {"cart": 11, "product": 38, "quantity": 1}}, {"model": "users.cartitem", "pk": 37, "fields": {"cart": 11, "product": 44, "quantity": 1}}, {"model": "shop.category", "pk": 11, "fields": {"name": "в•ҘС…РҒСҢСҺС‘вҲҡ С„СӢВ  СҚСҖСҸСҲР„СҠСҺСӮ", "description": "в•ЁСҖСҮС„С…СӢ Р„СҺСӮСҖРҒСҺСӮ: в•ҘС…РҒСҢСҺС‘вҲҡ С„СӢВ  СҚСҖСҸСҲР„СҠСҺСӮ"}}, {"model": "shop.category", "pk": 12, "fields": {"name": "в•ҘС…РҒСҢСҺС‘вҲҡ С„СӢВ  С…С„вҲҡ", "description": "в•ЁСҖСҮС„С…СӢ Р„СҺСӮСҖРҒСҺСӮ: в•ҘС…РҒСҢСҺС‘вҲҡ С„СӢВ  С…С„вҲҡ"}}, {"model": "shop.category", "pk": 13, "fields": {"name": "в•ҘС…РҒСҢСҺСҠРҒС”СҶСҠСҲ", "description": "в•ЁСҖСҮС„С…СӢ Р„СҺСӮСҖРҒСҺСӮ: в•ҘС…РҒСҢСҺСҠРҒС”СҶСҠСҲ"}}, {"model": "shop.category", "pk": 14, "fields": {"name": "в•ҘС”РҒСҲС‘Р„СҲСһС…С‘СҠСҲС… Р„С…РҒСҢСҺС‘вҲҡ", "description": "в•ЁСҖСҮС„С…СӢ Р„СҺСӮСҖРҒСҺСӮ: в•ҘС”РҒСҲС‘Р„СҲСһС…С‘СҠСҲС… Р„С…РҒСҢСҺС‘вҲҡ"}}, {"model": "shop.category", "pk": 15, "fields": {"name": "в”ҖС…Р„С‘СҠСҲС… Р„С…РҒСҢСҺС‘вҲҡ", "description": "в•ЁСҖСҮС„С…СӢ Р„СҺСӮСҖРҒСҺСӮ: в”ҖС…Р„С‘СҠСҲС… Р„С…РҒСҢСҺС‘вҲҡ"}}, {"model": "shop.category", "pk": 16, "fields": {"name": "в•ӨСҸСҺРҒР„СҲСӮСҚвҲҡС… СҒС”Р„вҲҡСӢСҠСҲ", "description": "в•ЁСҖСҮС„С…СӢ Р„СҺСӮСҖРҒСҺСӮ: в•ӨСҸСҺРҒР„СҲСӮСҚвҲҡС… СҒС”Р„вҲҡСӢСҠСҲ"}}, {"model": "shop.category", "pk": 17, "fields": {"name": "в”¬СҖСҠС”С”СҢСҚвҲҡС… Р„С…РҒСҢСҺС‘вҲҡ", "description": "в•ЁСҖСҮС„С…СӢ Р„СҺСӮСҖРҒСҺСӮ: в”¬СҖСҠС”С”СҢСҚвҲҡС… Р„С…РҒСҢСҺС‘вҲҡ"}}, {"model": "shop.category", "pk": 18, "fields": {"name": "в• С…Р„СҖСӢСӢСҲСһС…С‘СҠСҲС… Р„С…РҒСҢСҺС‘вҲҡ", "description": "в•ЁСҖСҮС„С…СӢ Р„СҺСӮСҖРҒСҺСӮ: в• С…Р„СҖСӢСӢСҲСһС…С‘СҠСҲС… Р„С…РҒСҢСҺС‘вҲҡ"}}, {"model": "shop.category", "pk": 19, "fields": {"name": "в•ҘС…РҒСҢСҺС‘вҲҡ СҒСҺСӢв„–В°СҺСғСҺ СҺСҒВ·С…СҢСҖ", "description": "в•ЁСҖСҮС„С…СӢ Р„СҺСӮСҖРҒСҺСӮ: в•ҘС…РҒСҢСҺС‘вҲҡ СҒСҺСӢв„–В°СҺСғСҺ СҺСҒВ·С…СҢСҖ"}}, {"model": "shop.category", "pk": 20, "fields": {"name": "в•©СҺСҢСҸСҖСҠР„СҚвҲҡС… Р„С…РҒСҢСҺС‘вҲҡ", "description": "в•ЁСҖСҮС„С…СӢ Р„СҺСӮСҖРҒСҺСӮ: в•©СҺСҢСҸСҖСҠР„СҚвҲҡС… Р„С…РҒСҢСҺС‘вҲҡ"}}, {"model": "shop.category", "pk": 21, "fields": {"name": "sdfhsfvbb", "description": "asdthscvhfdtg"}}, {"model": "shop.manufacture", "pk": 6, "fields": {"name": "Tefal", "country": "в•ҳРҒСҖСҚРҺСҲВ ", "descriptions": "Tefal Р§ СҢСҲРҒСҺСӮСҺСү СҸРҒСҺСҲСҮСӮСҺС„СҲР„С…СӢв„– Р„С…РҒСҢСҺС‘СҺСӮ СҲ СҸСҺС‘С”С„вҲҡ."}}, {"model": "shop.manufacture", "pk": 7, "fields": {"name": "Thermos", "country": "в”ңС…РҒСҢСҖСҚСҲВ ", "descriptions": "Thermos Р§ СҢСҲРҒСҺСӮСҺСү СҸРҒСҺСҲСҮСӮСҺС„СҲР„С…СӢв„– Р„С…РҒСҢСҺС‘СҺСӮ СҲ СҸСҺС‘С”С„вҲҡ."}}, {"model": "shop.manufacture", "pk": 8, "fields": {"name": "Zojirushi", "country": "в–ҖСҸСҺСҚСҲВ ", "descriptions": "Zojirushi Р§ СҢСҲРҒСҺСӮСҺСү СҸРҒСҺСҲСҮСӮСҺС„СҲР„С…СӢв„– Р„С…РҒСҢСҺС‘СҺСӮ СҲ СҸСҺС‘С”С„вҲҡ."}}, {"model": "shop.manufacture", "pk": 9, "fields": {"name": "Stanley", "country": "в•Өв•Әв””", "descriptions": "Stanley Р§ СҢСҲРҒСҺСӮСҺСү СҸРҒСҺСҲСҮСӮСҺС„СҲР„С…СӢв„– Р„С…РҒСҢСҺС‘СҺСӮ СҲ СҸСҺС‘С”С„вҲҡ."}}, {"model": "shop.manufacture", "pk": 10, "fields": {"name": "Xiaomi", "country": "в•©СҲР„СҖСү", "descriptions": "Xiaomi Р§ СҢСҲРҒСҺСӮСҺСү СҸРҒСҺСҲСҮСӮСҺС„СҲР„С…СӢв„– Р„С…РҒСҢСҺС‘СҺСӮ СҲ СҸСҺС‘С”С„вҲҡ."}}, {"model": "shop.product", "pk": 35, "fields": {"name": "в•ҘС…РҒСҢСҺС‘ Thermos Stainless King 0.5 СӢ", "descriptions": "в”¬СҖСҠС”С”СҢСҚвҲҡСү Р„С…РҒСҢСҺС‘ СҲСҮ СҚС…РҒСҶСҖСӮС…в– вҲҷС…Сү С‘Р„СҖСӢСҲ. в•ӨСҺС—РҒСҖСҚВ С…Р„ Р„С…СҸСӢСҺ С„СҺ 12 СһСҖС‘СҺСӮ СҲ С—СҺСӢСҺС„ С„СҺ 24 СһСҖС‘СҺСӮ.", "img_product": "products/default.jpg", "price": "263.00", "quantity": 50, "category": 13, "manufacture": 7}}, {"model": "shop.product", "pk": 36, "fields": {"name": "в•ҘС…РҒСҢСҺС‘ Thermos Stainless King 1.0 СӢ", "descriptions": "в”¬СҖСҠС”С”СҢСҚвҲҡСү Р„С…РҒСҢСҺС‘ СҲСҮ СҚС…РҒСҶСҖСӮС…в– вҲҷС…Сү С‘Р„СҖСӢСҲ. в•ӨСҺС—РҒСҖСҚВ С…Р„ Р„С…СҸСӢСҺ С„СҺ 12 СһСҖС‘СҺСӮ СҲ С—СҺСӢСҺС„ С„СҺ 24 СһСҖС‘СҺСӮ.", "img_product": "products/default.jpg", "price": "230.00", "quantity": 89, "category": 12, "manufacture": 7}}, {"model": "shop.product", "pk": 37, "fields": {"name": "в•ҘС…РҒСҢСҺС‘ Tefal Senator 0.7 СӢ", "descriptions": "в”¬СҖСҠС”С”СҢСҚвҲҡСү Р„С…РҒСҢСҺС‘ СҲСҮ СҚС…РҒСҶСҖСӮС…в– вҲҷС…Сү С‘Р„СҖСӢСҲ. в•ӨСҺС—РҒСҖСҚВ С…Р„ Р„С…СҸСӢСҺ С„СҺ 12 СһСҖС‘СҺСӮ СҲ С—СҺСӢСҺС„ С„СҺ 24 СһСҖС‘СҺСӮ.", "img_product": "products/default.jpg", "price": "91.00", "quantity": 80, "category": 16, "manufacture": 6}}, {"model": "shop.product", "pk": 38, "fields": {"name": "в•ҘС…РҒСҢСҺС‘ Tefal Travel Mug 0.36 СӢ", "descriptions": "в”¬СҖСҠС”С”СҢСҚвҲҡСү Р„С…РҒСҢСҺС‘ СҲСҮ СҚС…РҒСҶСҖСӮС…в– вҲҷС…Сү С‘Р„СҖСӢСҲ. в•ӨСҺС—РҒСҖСҚВ С…Р„ Р„С…СҸСӢСҺ С„СҺ 12 СһСҖС‘СҺСӮ СҲ С—СҺСӢСҺС„ С„СҺ 24 СһСҖС‘СҺСӮ.", "img_product": "products/default.jpg", "price": "72.00", "quantity": 77, "category": 13, "manufacture": 6}}, {"model": "shop.product", "pk": 39, "fields": {"name": "в•ҘС…РҒСҢСҺС‘ Stanley Classic 0.75 СӢ", "descriptions": "в”¬СҖСҠС”С”СҢСҚвҲҡСү Р„С…РҒСҢСҺС‘ СҲСҮ СҚС…РҒСҶСҖСӮС…в– вҲҷС…Сү С‘Р„СҖСӢСҲ. в•ӨСҺС—РҒСҖСҚВ С…Р„ Р„С…СҸСӢСҺ С„СҺ 12 СһСҖС‘СҺСӮ СҲ С—СҺСӢСҺС„ С„СҺ 24 СһСҖС‘СҺСӮ.", "img_product": "products/default.jpg", "price": "202.00", "quantity": 61, "category": 15, "manufacture": 9}}, {"model": "shop.product", "pk": 40, "fields": {"name": "в•ҘС…РҒСҢСҺС‘ Stanley Legendary 1.0 СӢ", "descriptions": "в”¬СҖСҠС”С”СҢСҚвҲҡСү Р„С…РҒСҢСҺС‘ СҲСҮ СҚС…РҒСҶСҖСӮС…в– вҲҷС…Сү С‘Р„СҖСӢСҲ. в•ӨСҺС—РҒСҖСҚВ С…Р„ Р„С…СҸСӢСҺ С„СҺ 12 СһСҖС‘СҺСӮ СҲ С—СҺСӢСҺС„ С„СҺ 24 СһСҖС‘СҺСӮ.", "img_product": "products/default.jpg", "price": "268.00", "quantity": 46, "category": 15, "manufacture": 9}}, {"model": "shop.product", "pk": 41, "fields": {"name": "в•ҘС…РҒСҢСҺС‘ Zojirushi SM-SD48 0.48 СӢ", "descriptions": "в”¬СҖСҠС”С”СҢСҚвҲҡСү Р„С…РҒСҢСҺС‘ СҲСҮ СҚС…РҒСҶСҖСӮС…в– вҲҷС…Сү С‘Р„СҖСӢСҲ. в•ӨСҺС—РҒСҖСҚВ С…Р„ Р„С…СҸСӢСҺ С„СҺ 12 СһСҖС‘СҺСӮ СҲ С—СҺСӢСҺС„ С„СҺ 24 СһСҖС‘СҺСӮ.", "img_product": "products/default.jpg", "price": "75.00", "quantity": 37, "category": 18, "manufacture": 8}}, {"model": "shop.product", "pk": 42, "fields": {"name": "в•ҘС…РҒСҢСҺС‘ Zojirushi SJ-TG10 1.0 СӢ", "descriptions": "в”¬СҖСҠС”С”СҢСҚвҲҡСү Р„С…РҒСҢСҺС‘ СҲСҮ СҚС…РҒСҶСҖСӮС…в– вҲҷС…Сү С‘Р„СҖСӢСҲ. в•ӨСҺС—РҒСҖСҚВ С…Р„ Р„С…СҸСӢСҺ С„СҺ 12 СһСҖС‘СҺСӮ СҲ С—СҺСӢСҺС„ С„СҺ 24 СһСҖС‘СҺСӮ.", "img_product": "products/default.jpg", "price": "226.00", "quantity": 46, "category": 17, "manufacture": 8}}, {"model": "shop.product", "pk": 43, "fields": {"name": "в•ҘС…РҒСҢСҺСҠРҒС”СҶСҠСҖ Xiaomi Kiss Kiss Fish 0.43 СӢ", "descriptions": "в”¬СҖСҠС”С”СҢСҚвҲҡСү Р„С…РҒСҢСҺС‘ СҲСҮ СҚС…РҒСҶСҖСӮС…в– вҲҷС…Сү С‘Р„СҖСӢСҲ. в•ӨСҺС—РҒСҖСҚВ С…Р„ Р„С…СҸСӢСҺ С„СҺ 12 СһСҖС‘СҺСӮ СҲ С—СҺСӢСҺС„ С„СҺ 24 СһСҖС‘СҺСӮ.", "img_product": "products/default.jpg", "price": "181.00", "quantity": 87, "category": 12, "manufacture": 10}}, {"model": "shop.product", "pk": 44, "fields": {"name": "в•ҘС…РҒСҢСҺСҠРҒС”СҶСҠСҖ Tefal City Mug 0.35 СӢ", "descriptions": "в”¬СҖСҠС”С”СҢСҚвҲҡСү Р„С…РҒСҢСҺС‘ СҲСҮ СҚС…РҒСҶСҖСӮС…в– вҲҷС…Сү С‘Р„СҖСӢСҲ. в•ӨСҺС—РҒСҖСҚВ С…Р„ Р„С…СҸСӢСҺ С„СҺ 12 СһСҖС‘СҺСӮ СҲ С—СҺСӢСҺС„ С„СҺ 24 СһСҖС‘СҺСӮ.", "img_product": "products/default.jpg", "price": "200.00", "quantity": 84, "category": 15, "manufacture": 6}}, {"model": "shop.product", "pk": 45, "fields": {"name": "в•ҘС…РҒСҢСҺС‘ С„СҺРҒСҺСҶСҚвҲҡСү Thermos FBB 0.75 СӢ", "descriptions": "в”¬СҖСҠС”С”СҢСҚвҲҡСү Р„С…РҒСҢСҺС‘ СҲСҮ СҚС…РҒСҶСҖСӮС…в– вҲҷС…Сү С‘Р„СҖСӢСҲ. в•ӨСҺС—РҒСҖСҚВ С…Р„ Р„С…СҸСӢСҺ С„СҺ 12 СһСҖС‘СҺСӮ СҲ С—СҺСӢСҺС„ С„СҺ 24 СһСҖС‘СҺСӮ.", "img_product": "products/default.jpg", "price": "186.00", "quantity": 47, "category": 20, "manufacture": 7}}, {"model": "shop.product", "pk": 46, "fields": {"name": "в•ҘС…РҒСҢСҺС‘ Р„С”РҒСҲС‘Р„СҲСһС…С‘СҠСҲСү Stanley Adventure 1.3 СӢ", "descriptions": "в”¬СҖСҠС”С”СҢСҚвҲҡСү Р„С…РҒСҢСҺС‘ СҲСҮ СҚС…РҒСҶСҖСӮС…в– вҲҷС…Сү С‘Р„СҖСӢСҲ. в•ӨСҺС—РҒСҖСҚВ С…Р„ Р„С…СҸСӢСҺ С„СҺ 12 СһСҖС‘СҺСӮ СҲ С—СҺСӢСҺС„ С„СҺ 24 СһСҖС‘СҺСӮ.", "img_product": "products/default.jpg", "price": "257.00", "quantity": 98, "category": 13, "manufacture": 9}}, {"model": "shop.product", "pk": 47, "fields": {"name": "в•ҘС…РҒСҢСҺС‘ С„СӢВ  С…С„вҲҡ Thermos King Food Jar 0.47 СӢ", "descriptions": "в”¬СҖСҠС”С”СҢСҚвҲҡСү Р„С…РҒСҢСҺС‘ СҲСҮ СҚС…РҒСҶСҖСӮС…в– вҲҷС…Сү С‘Р„СҖСӢСҲ. в•ӨСҺС—РҒСҖСҚВ С…Р„ Р„С…СҸСӢСҺ С„СҺ 12 СһСҖС‘СҺСӮ СҲ С—СҺСӢСҺС„ С„СҺ 24 СһСҖС‘СҺСӮ.", "img_product": "products/default.jpg", "price": "173.00", "quantity": 30, "category": 14, "manufacture": 7}}, {"model": "shop.product", "pk": 48, "fields": {"name": "в•ҘС…РҒСҢСҺС‘ С„С…Р„С‘СҠСҲСү Zojirushi SC-ZT45", "descriptions": "в”¬СҖСҠС”С”СҢСҚвҲҡСү Р„С…РҒСҢСҺС‘ СҲСҮ СҚС…РҒСҶСҖСӮС…в– вҲҷС…Сү С‘Р„СҖСӢСҲ. в•ӨСҺС—РҒСҖСҚВ С…Р„ Р„С…СҸСӢСҺ С„СҺ 12 СһСҖС‘СҺСӮ СҲ С—СҺСӢСҺС„ С„СҺ 24 СһСҖС‘СҺСӮ.", "img_product": "products/default.jpg", "price": "252.00", "quantity": 68, "category": 17, "manufacture": 8}}, {"model": "shop.product", "pk": 49, "fields": {"name": "в•ҘС…РҒСҢСҺСҠРҒС”СҶСҠСҖ Stanley Trigger Action 0.47 СӢ", "descriptions": "в”¬СҖСҠС”С”СҢСҚвҲҡСү Р„С…РҒСҢСҺС‘ СҲСҮ СҚС…РҒСҶСҖСӮС…в– вҲҷС…Сү С‘Р„СҖСӢСҲ. в•ӨСҺС—РҒСҖСҚВ С…Р„ Р„С…СҸСӢСҺ С„СҺ 12 СһСҖС‘СҺСӮ СҲ С—СҺСӢСҺС„ С„СҺ 24 СһСҖС‘СҺСӮ.", "img_product": "products/default.jpg", "price": "65.00", "quantity": 61, "category": 11, "manufacture": 9}}, {"model": "shop.product", "pk": 50, "fields": {"name": "в•ҘС…РҒСҢСҺС‘ Tefal Grand 1.2 СӢ", "descriptions": "в”¬СҖСҠС”С”СҢСҚвҲҡСү Р„С…РҒСҢСҺС‘ СҲСҮ СҚС…РҒСҶСҖСӮС…в– вҲҷС…Сү С‘Р„СҖСӢСҲ. в•ӨСҺС—РҒСҖСҚВ С…Р„ Р„С…СҸСӢСҺ С„СҺ 12 СһСҖС‘СҺСӮ СҲ С—СҺСӢСҺС„ С„СҺ 24 СһСҖС‘СҺСӮ.", "img_product": "products/default.jpg", "price": "139.00", "quantity": 55, "category": 19, "manufacture": 6}}, {"model": "shop.product", "pk": 51, "fields": {"name": "в•ҘС…РҒСҢСҺС‘ Thermos Light & Compact 1.0 СӢ", "descriptions": "в”¬СҖСҠС”С”СҢСҚвҲҡСү Р„С…РҒСҢСҺС‘ СҲСҮ СҚС…РҒСҶСҖСӮС…в– вҲҷС…Сү С‘Р„СҖСӢСҲ. в•ӨСҺС—РҒСҖСҚВ С…Р„ Р„С…СҸСӢСҺ С„СҺ 12 СһСҖС‘СҺСӮ СҲ С—СҺСӢСҺС„ С„СҺ 24 СһСҖС‘СҺСӮ.", "img_product": "products/default.jpg", "price": "131.00", "quantity": 53, "category": 12, "manufacture": 7}}, {"model": "shop.product", "pk": 52, "fields": {"name": "в•ҘС…РҒСҢСҺС‘ СӮСҖСҠС”С”СҢСҚвҲҡСү Zojirushi SF-CC20 2.0 СӢ", "descriptions": "в”¬СҖСҠС”С”СҢСҚвҲҡСү Р„С…РҒСҢСҺС‘ СҲСҮ СҚС…РҒСҶСҖСӮС…в– вҲҷС…Сү С‘Р„СҖСӢСҲ. в•ӨСҺС—РҒСҖСҚВ С…Р„ Р„С…СҸСӢСҺ С„СҺ 12 СһСҖС‘СҺСӮ СҲ С—СҺСӢСҺС„ С„СҺ 24 СһСҖС‘СҺСӮ.", "img_product": "products/default.jpg", "price": "167.00", "quantity": 61, "category": 15, "manufacture": 8}}, {"model": "shop.product", "pk": 53, "fields": {"name": "в•ҘС…РҒСҢСҺС‘ Stanley Master Series 0.53 СӢ", "descriptions": "в”¬СҖСҠС”С”СҢСҚвҲҡСү Р„С…РҒСҢСҺС‘ СҲСҮ СҚС…РҒСҶСҖСӮС…в– вҲҷС…Сү С‘Р„СҖСӢСҲ. в•ӨСҺС—РҒСҖСҚВ С…Р„ Р„С…СҸСӢСҺ С„СҺ 12 СһСҖС‘СҺСӮ СҲ С—СҺСӢСҺС„ С„СҺ 24 СһСҖС‘СҺСӮ.", "img_product": "products/default.jpg", "price": "283.00", "quantity": 63, "category": 18, "manufacture": 9}}, {"model": "shop.product", "pk": 54, "fields": {"name": "в•ҘС…РҒСҢСҺС‘ С„СӢВ  СҚСҖСҸСҲР„СҠСҺСӮ Thermos JNL 0.5 СӢ", "descriptions": "в”¬СҖСҠС”С”СҢСҚвҲҡСү Р„С…РҒСҢСҺС‘ СҲСҮ СҚС…РҒСҶСҖСӮС…в– вҲҷС…Сү С‘Р„СҖСӢСҲ. в•ӨСҺС—РҒСҖСҚВ С…Р„ Р„С…СҸСӢСҺ С„СҺ 12 СһСҖС‘СҺСӮ СҲ С—СҺСӢСҺС„ С„СҺ 24 СһСҖС‘СҺСӮ.", "img_product": "products/default.jpg", "price": "211.00", "quantity": 30, "category": 12, "manufacture": 7}}, {"model": "shop.product", "pk": 55, "fields": {"name": "в•ҘС…РҒСҢСҺСҠРҒС”СҶСҠСҖ Xiaomi Viomi Steel 0.46 СӢ", "descriptions": "в”¬СҖСҠС”С”СҢСҚвҲҡСү Р„С…РҒСҢСҺС‘ СҲСҮ СҚС…РҒСҶСҖСӮС…в– вҲҷС…Сү С‘Р„СҖСӢСҲ. в•ӨСҺС—РҒСҖСҚВ С…Р„ Р„С…СҸСӢСҺ С„СҺ 12 СһСҖС‘СҺСӮ СҲ С—СҺСӢСҺС„ С„СҺ 24 СһСҖС‘СҺСӮ.", "img_product": "products/default.jpg", "price": "200.00", "quantity": 75, "category": 16, "manufacture": 10}}, {"model": "shop.product", "pk": 56, "fields": {"name": "в•ҘС…РҒСҢСҺС‘ Tefal Ultimate 0.5 СӢ", "descriptions": "в”¬СҖСҠС”С”СҢСҚвҲҡСү Р„С…РҒСҢСҺС‘ СҲСҮ СҚС…РҒСҶСҖСӮС…в– вҲҷС…Сү С‘Р„СҖСӢСҲ. в•ӨСҺС—РҒСҖСҚВ С…Р„ Р„С…СҸСӢСҺ С„СҺ 12 СһСҖС‘СҺСӮ СҲ С—СҺСӢСҺС„ С„СҺ 24 СһСҖС‘СҺСӮ.", "img_product": "products/default.jpg", "price": "212.00", "quantity": 75, "category": 15, "manufacture": 6}}, {"model": "shop.product", "pk": 57, "fields": {"name": "в•ҘС…РҒСҢСҺС‘ Stanley Classic 1.4 СӢ", "descriptions": "в”¬СҖСҠС”С”СҢСҚвҲҡСү Р„С…РҒСҢСҺС‘ СҲСҮ СҚС…РҒСҶСҖСӮС…в– вҲҷС…Сү С‘Р„СҖСӢСҲ. в•ӨСҺС—РҒСҖСҚВ С…Р„ Р„С…СҸСӢСҺ С„СҺ 12 СһСҖС‘СҺСӮ СҲ С—СҺСӢСҺС„ С„СҺ 24 СһСҖС‘СҺСӮ.", "img_product": "products/default.jpg", "price": "212.00", "quantity": 50, "category": 11, "manufacture": 9}}, {"model": "shop.product", "pk": 58, "fields": {"name": "в•ҘС…РҒСҢСҺС‘ Zojirushi SM-SA60 0.6 СӢ", "descriptions": "в”¬СҖСҠС”С”СҢСҚвҲҡСү Р„С…РҒСҢСҺС‘ СҲСҮ СҚС…РҒСҶСҖСӮС…в– вҲҷС…Сү С‘Р„СҖСӢСҲ. в•ӨСҺС—РҒСҖСҚВ С…Р„ Р„С…СҸСӢСҺ С„СҺ 12 СһСҖС‘СҺСӮ СҲ С—СҺСӢСҺС„ С„СҺ 24 СһСҖС‘СҺСӮ.", "img_product": "products/default.jpg", "price": "130.00", "quantity": 81, "category": 12, "manufacture": 8}}, {"model": "shop.product", "pk": 59, "fields": {"name": "в•ҘС…РҒСҢСҺС‘ Thermos Work Series 1.2 СӢ", "descriptions": "в”¬СҖСҠС”С”СҢСҚвҲҡСү Р„С…РҒСҢСҺС‘ СҲСҮ СҚС…РҒСҶСҖСӮС…в– вҲҷС…Сү С‘Р„СҖСӢСҲ. в•ӨСҺС—РҒСҖСҚВ С…Р„ Р„С…СҸСӢСҺ С„СҺ 12 СһСҖС‘СҺСӮ СҲ С—СҺСӢСҺС„ С„СҺ 24 СһСҖС‘СҺСӮ.", "img_product": "products/default.jpg", "price": "231.00", "quantity": 62, "category": 11, "manufacture": 7}}, {"model": "shop.product", "pk": 60, "fields": {"name": "в•ҘС…РҒСҢСҺС‘ Р„С”РҒСҲС‘Р„СҲСһС…С‘СҠСҲСү Stanley Adventure 0.73 СӢ", "descriptions": "в”¬СҖСҠС”С”СҢСҚвҲҡСү Р„С…РҒСҢСҺС‘ СҲСҮ СҚС…РҒСҶСҖСӮС…в– вҲҷС…Сү С‘Р„СҖСӢСҲ. в•ӨСҺС—РҒСҖСҚВ С…Р„ Р„С…СҸСӢСҺ С„СҺ 12 СһСҖС‘СҺСӮ СҲ С—СҺСӢСҺС„ С„СҺ 24 СһСҖС‘СҺСӮ.", "img_product": "products/default.jpg", "price": "314.00", "quantity": 83, "category": 12, "manufacture": 9}}, {"model": "shop.product", "pk": 61, "fields": {"name": "в•ҘС…РҒСҢСҺС‘ С„СӢВ  СҠСҺРҮС… Tefal Coffee To Go 0.4 СӢ", "descriptions": "в”¬СҖСҠС”С”СҢСҚвҲҡСү Р„С…РҒСҢСҺС‘ СҲСҮ СҚС…РҒСҶСҖСӮС…в– вҲҷС…Сү С‘Р„СҖСӢСҲ. в•ӨСҺС—РҒСҖСҚВ С…Р„ Р„С…СҸСӢСҺ С„СҺ 12 СһСҖС‘СҺСӮ СҲ С—СҺСӢСҺС„ С„СҺ 24 СһСҖС‘СҺСӮ.", "img_product": "products/default.jpg", "price": "227.00", "quantity": 44, "category": 20, "manufacture": 6}}, {"model": "shop.product", "pk": 62, "fields": {"name": "в•ҘС…РҒСҢСҺСҠРҒС”СҶСҠСҖ Thermos Guardian 0.5 СӢ", "descriptions": "в”¬СҖСҠС”С”СҢСҚвҲҡСү Р„С…РҒСҢСҺС‘ СҲСҮ СҚС…РҒСҶСҖСӮС…в– вҲҷС…Сү С‘Р„СҖСӢСҲ. в•ӨСҺС—РҒСҖСҚВ С…Р„ Р„С…СҸСӢСҺ С„СҺ 12 СһСҖС‘СҺСӮ СҲ С—СҺСӢСҺС„ С„СҺ 24 СһСҖС‘СҺСӮ.", "img_product": "products/default.jpg", "price": "116.00", "quantity": 42, "category": 13, "manufacture": 7}}, {"model": "shop.product", "pk": 63, "fields": {"name": "в•ҘС…РҒСҢСҺС‘ Zojirushi Stainless Bottle 0.8 СӢ", "descriptions": "в”¬СҖСҠС”С”СҢСҚвҲҡСү Р„С…РҒСҢСҺС‘ СҲСҮ СҚС…РҒСҶСҖСӮС…в– вҲҷС…Сү С‘Р„СҖСӢСҲ. в•ӨСҺС—РҒСҖСҚВ С…Р„ Р„С…СҸСӢСҺ С„СҺ 12 СһСҖС‘СҺСӮ СҲ С—СҺСӢСҺС„ С„СҺ 24 СһСҖС‘СҺСӮ.", "img_product": "products/default.jpg", "price": "155.00", "quantity": 91, "category": 16, "manufacture": 8}}, {"model": "shop.product", "pk": 64, "fields": {"name": "в•ҘС…РҒСҢСҺС‘ Stanley Mountain 1.0 СӢ", "descriptions": "в”¬СҖСҠС”С”СҢСҚвҲҡСү Р„С…РҒСҢСҺС‘ СҲСҮ СҚС…РҒСҶСҖСӮС…в– вҲҷС…Сү С‘Р„СҖСӢСҲ. в•ӨСҺС—РҒСҖСҚВ С…Р„ Р„С…СҸСӢСҺ С„СҺ 12 СһСҖС‘СҺСӮ СҲ С—СҺСӢСҺС„ С„СҺ 24 СһСҖС‘СҺСӮ.", "img_product": "products/default.jpg", "price": "102.00", "quantity": 25, "category": 12, "manufacture": 9}}, {"model": "shop.product", "pk": 65, "fields": {"name": "в•ҘС…РҒСҢСҺС‘ Tefal Outdoor 0.9 СӢ", "descriptions": "в”¬СҖСҠС”С”СҢСҚвҲҡСү Р„С…РҒСҢСҺС‘ СҲСҮ СҚС…РҒСҶСҖСӮС…в– вҲҷС…Сү С‘Р„СҖСӢСҲ. в•ӨСҺС—РҒСҖСҚВ С…Р„ Р„С…СҸСӢСҺ С„СҺ 12 СһСҖС‘СҺСӮ СҲ С—СҺСӢСҺС„ С„СҺ 24 СһСҖС‘СҺСӮ.", "img_product": "products/default.jpg", "price": "169.00", "quantity": 32, "category": 11, "manufacture": 6}}, {"model": "shop.product", "pk": 66, "fields": {"name": "в•ҘС…РҒСҢСҺС‘ Thermos Element 1.0 СӢ", "descriptions": "в”¬СҖСҠС”С”СҢСҚвҲҡСү Р„С…РҒСҢСҺС‘ СҲСҮ СҚС…РҒСҶСҖСӮС…в– вҲҷС…Сү С‘Р„СҖСӢСҲ. в•ӨСҺС—РҒСҖСҚВ С…Р„ Р„С…СҸСӢСҺ С„СҺ 12 СһСҖС‘СҺСӮ СҲ С—СҺСӢСҺС„ С„СҺ 24 СһСҖС‘СҺСӮ.", "img_product": "products/default.jpg", "price": "179.00", "quantity": 39, "category": 13, "manufacture": 7}}, {"model": "shop.product", "pk": 67, "fields": {"name": "в•ҘС…РҒСҢСҺСҠРҒС”СҶСҠСҖ Stanley Go Series 0.47 СӢ", "descriptions": "в”¬СҖСҠС”С”СҢСҚвҲҡСү Р„С…РҒСҢСҺС‘ СҲСҮ СҚС…РҒСҶСҖСӮС…в– вҲҷС…Сү С‘Р„СҖСӢСҲ. в•ӨСҺС—РҒСҖСҚВ С…Р„ Р„С…СҸСӢСҺ С„СҺ 12 СһСҖС‘СҺСӮ СҲ С—СҺСӢСҺС„ С„СҺ 24 СһСҖС‘СҺСӮ.", "img_product": "products/default.jpg", "price": "228.00", "quantity": 83, "category": 18, "manufacture": 9}}, {"model": "shop.product", "pk": 68, "fields": {"name": "в•ҘС…РҒСҢСҺС‘ Zojirushi SJ-JS10 1.03 СӢ", "descriptions": "в”¬СҖСҠС”С”СҢСҚвҲҡСү Р„С…РҒСҢСҺС‘ СҲСҮ СҚС…РҒСҶСҖСӮС…в– вҲҷС…Сү С‘Р„СҖСӢСҲ. в•ӨСҺС—РҒСҖСҚВ С…Р„ Р„С…СҸСӢСҺ С„СҺ 12 СһСҖС‘СҺСӮ СҲ С—СҺСӢСҺС„ С„СҺ 24 СһСҖС‘СҺСӮ.", "img_product": "products/default.jpg", "price": "320.00", "quantity": 29, "category": 19, "manufacture": 8}}, {"model": "shop.order", "pk": 1, "fields": {"user": 6, "created_at": "2026-05-03T20:07:21.215Z", "total_price": "493.00"}}, {"model": "shop.order", "pk": 2, "fields": {"user": 6, "created_at": "2026-05-03T20:25:50.703Z", "total_price": "493.00"}}, {"model": "shop.order", "pk": 3, "fields": {"user": 6, "created_at": "2026-05-03T20:29:09.090Z", "total_price": "263.00"}}, {"model": "shop.order", "pk": 4, "fields": {"user": 6, "created_at": "2026-05-03T20:33:42.801Z", "total_price": "263.00"}}, {"model": "shop.order", "pk": 5, "fields": {"user": 6, "created_at": "2026-05-03T20:35:50.802Z", "total_price": "263.00"}}, {"model": "shop.order", "pk": 6, "fields": {"user": 6, "created_at": "2026-05-03T20:47:39.087Z", "total_price": "263.00"}}, {"model": "shop.order", "pk": 7, "fields": {"user": 6, "created_at": "2026-05-03T20:53:07.539Z", "total_price": "263.00"}}, {"model": "shop.order", "pk": 8, "fields": {"user": 6, "created_at": "2026-05-03T20:53:48.482Z", "total_price": "263.00"}}, {"model": "shop.order", "pk": 9, "fields": {"user": 6, "created_at": "2026-05-07T12:34:33.691Z", "total_price": "230.00"}}, {"model": "shop.order", "pk": 14, "fields": {"user": 14, "created_at": "2026-06-16T19:57:06.584Z", "total_price": "263.00"}}, {"model": "shop.order", "pk": 15, "fields": {"user": 14, "created_at": "2026-06-16T19:57:21.718Z", "total_price": "230.00"}}, {"model": "shop.orderitem", "pk": 1, "fields": {"order": 1, "product": 35, "quantity": 1, "price": "263.00"}}, {"model": "shop.orderitem", "pk": 2, "fields": {"order": 1, "product": 36, "quantity": 1, "price": "230.00"}}, {"model": "shop.orderitem", "pk": 3, "fields": {"order": 2, "product": 35, "quantity": 1, "price": "263.00"}}, {"model": "shop.orderitem", "pk": 4, "fields": {"order": 2, "product": 36, "quantity": 1, "price": "230.00"}}, {"model": "shop.orderitem", "pk": 5, "fields": {"order": 3, "product": 35, "quantity": 1, "price": "263.00"}}, {"model": "shop.orderitem", "pk": 6, "fields": {"order": 4, "product": 35, "quantity": 1, "price": "263.00"}}, {"model": "shop.orderitem", "pk": 7, "fields": {"order": 5, "product": 35, "quantity": 1, "price": "263.00"}}, {"model": "shop.orderitem", "pk": 8, "fields": {"order": 6, "product": 35, "quantity": 1, "price": "263.00"}}, {"model": "shop.orderitem", "pk": 9, "fields": {"order": 7, "product": 35, "quantity": 1, "price": "263.00"}}, {"model": "shop.orderitem", "pk": 10, "fields": {"order": 8, "product": 35, "quantity": 1, "price": "263.00"}}, {"model": "shop.orderitem", "pk": 11, "fields": {"order": 9, "product": 36, "quantity": 1, "price": "230.00"}}, {"model": "shop.orderitem", "pk": 16, "fields": {"order": 14, "product": 35, "quantity": 1, "price": "263.00"}}, {"model": "shop.orderitem", "pk": 17, "fields": {"order": 15, "product": 36, "quantity": 1, "price": "230.00"}}, {"model": "admin.logentry", "pk": 1, "fields": {"action_time": "2026-04-21T15:09:14.722Z", "user": 6, "content_type": 1, "object_id": "2", "object_repr": "в•©СҺРҒСҮСҲСҚСҖ СҸСҺСӢв„–СҮСҺСӮСҖР„С…СӢВ  user2_73", "action_flag": 2, "change_message": "[]"}}, {"model": "admin.logentry", "pk": 2, "fields": {"action_time": "2026-04-21T15:47:52.631Z", "user": 6, "content_type": 5, "object_id": "69", "object_repr": "в•ҘС…РҒСҢСҺС‘", "action_flag": 1, "change_message": "[{\"added\": {}}]"}}, {"model": "admin.logentry", "pk": 3, "fields": {"action_time": "2026-04-21T15:49:50.474Z", "user": 6, "content_type": 3, "object_id": "11", "object_repr": "в•ҘС…РҒСҢСҺС‘вҲҡ С„СӢВ  СҚСҖСҸСҲР„СҠСҺСӮ", "action_flag": 2, "change_message": "[]"}}, {"model": "admin.logentry", "pk": 4, "fields": {"action_time": "2026-04-21T15:50:04.219Z", "user": 6, "content_type": 5, "object_id": "69", "object_repr": "в•ҘС…РҒСҢСҺС‘", "action_flag": 2, "change_message": "[{\"changed\": {\"fields\": [\"Category\", \"Manufacture\"]}}]"}}, {"model": "admin.logentry", "pk": 5, "fields": {"action_time": "2026-04-21T15:51:04.125Z", "user": 6, "content_type": 5, "object_id": "69", "object_repr": "в•ҘС…РҒСҢСҺС‘", "action_flag": 3, "change_message": ""}}, {"model": "admin.logentry", "pk": 6, "fields": {"action_time": "2026-05-03T20:35:22.460Z", "user": 6, "content_type": 9, "object_id": "6", "object_repr": "egor", "action_flag": 2, "change_message": "[{\"changed\": {\"fields\": [\"Email address\"]}}]"}}, {"model": "admin.logentry", "pk": 7, "fields": {"action_time": "2026-06-16T20:11:52.762Z", "user": 15, "content_type": 3, "object_id": "21", "object_repr": "sdfhsfvbb", "action_flag": 1, "change_message": "[{\"added\": {}}]"}}, {"model": "auth.user", "pk": 6, "fields": {"password": "pbkdf2_sha256$1200000$nUfXGUw1r0E99c6kUhQa3x$ObqIwVjZJdbFNpD6ANiTg5qgRg+Xp6I22fC7bm0xloU=", "last_login": "2026-06-16T19:34:45.001Z", "is_superuser": true, "username": "egor", "first_name": "", "last_name": "", "email": "gurskijegor88@gmail.com", "is_staff": true, "is_active": true, "date_joined": "2026-04-21T15:08:05Z", "groups": [], "user_permissions": []}}, {"model": "auth.user", "pk": 7, "fields": {"password": "pbkdf2_sha256$1200000$aEmZKEEaykPtqmhQqKfa3x$ToGv3NXgbMJiudILZx32hY8lPkuq6S6Z5xH4U2kZgtM=", "last_login": "2026-06-16T19:34:44.537Z", "is_superuser": false, "username": "user1", "first_name": "", "last_name": "", "email": "user1@mail.com", "is_staff": false, "is_active": true, "date_joined": "2026-04-21T15:15:12.128Z", "groups": [], "user_permissions": []}}, {"model": "auth.user", "pk": 8, "fields": {"password": "pbkdf2_sha256$1200000$rh5v68pDWbkSlhidC7Lmhe$Z2cjqKHhhsasWdN77GrJBGNyzMY4mkR7IfaIIgZVDo4=", "last_login": null, "is_superuser": false, "username": "user2", "first_name": "", "last_name": "", "email": "user2@mail.com", "is_staff": false, "is_active": true, "date_joined": "2026-04-21T15:15:12.680Z", "groups": [], "user_permissions": []}}, {"model": "auth.user", "pk": 9, "fields": {"password": "pbkdf2_sha256$1200000$8bUoJ3KQUDb7plyuMSXUOk$m4jUAnGNwPfzwelSLI6voZGgaI+qUPabaXUfK4OgUmI=", "last_login": null, "is_superuser": false, "username": "user3", "first_name": "", "last_name": "", "email": "user3@mail.com", "is_staff": false, "is_active": true, "date_joined": "2026-04-21T15:15:13.247Z", "groups": [], "user_permissions": []}}, {"model": "auth.user", "pk": 10, "fields": {"password": "pbkdf2_sha256$1200000$8MM0mmdbnDuIVucZQ8mMaf$ML0xpWVI3cWVGSTEJUvT5zwLDLYB3qCr3gI6xncebX4=", "last_login": null, "is_superuser": false, "username": "user4", "first_name": "", "last_name": "", "email": "user4@mail.com", "is_staff": false, "is_active": true, "date_joined": "2026-04-21T15:15:13.866Z", "groups": [], "user_permissions": []}}, {"model": "auth.user", "pk": 11, "fields": {"password": "pbkdf2_sha256$1200000$94ZSmWstOvgnB6ubWe4pGl$+1cQxnrnY6khYFqV7/120CUnrGUUTI3OVV/bf5bW6o4=", "last_login": null, "is_superuser": false, "username": "user5", "first_name": "", "last_name": "", "email": "user5@mail.com", "is_staff": false, "is_active": true, "date_joined": "2026-04-21T15:15:14.441Z", "groups": [], "user_permissions": []}}, {"model": "auth.user", "pk": 13, "fields": {"password": "pbkdf2_sha256$1200000$5DcyQoJp7CqD7ZDNwnctDN$4VDoBhnUE9NtHjB7zUFS4CCcmrmBmY5NtFhmyjx+g5U=", "last_login": "2026-06-16T19:50:19.814Z", "is_superuser": false, "username": "вҲҡвҲҡвҲҡвҲҡвҲҡвҲҡвҲҡвҲҡвҲҡвҲҡвҲҡвҲҡвҲҡвҲҡвҲҡвҲҡвҲҡвҲҡвҲҡвҲҡвҲҡ", "first_name": "", "last_name": "", "email": "", "is_staff": false, "is_active": true, "date_joined": "2026-06-16T19:50:19.405Z", "groups": [], "user_permissions": []}}, {"model": "auth.user", "pk": 14, "fields": {"password": "pbkdf2_sha256$1200000$lz7zJygVXrzJMOmjhGYkzj$1bySNfOXu6C88QQKcZ7hD464MsOeGE/66Efv3Cw9oug=", "last_login": "2026-06-16T19:53:18.252Z", "is_superuser": false, "username": "С”вҲҡСҠРҺС”СҠ", "first_name": "", "last_name": "", "email": "", "is_staff": false, "is_active": true, "date_joined": "2026-06-16T19:53:17.670Z", "groups": [], "user_permissions": []}}, {"model": "auth.user", "pk": 15, "fields": {"password": "pbkdf2_sha256$1200000$u6TEP6v7Yr41i9LzXMUYAL$W/POCPzo2pVAORtUzIqporAXpwjrIkVxILQvTxnL0z8=", "last_login": "2026-06-16T20:14:06.996Z", "is_superuser": true, "username": "12345678", "first_name": "", "last_name": "", "email": "awrgsdfgser@gmail.com", "is_staff": true, "is_active": true, "date_joined": "2026-06-16T20:01:42.737Z", "groups": [], "user_permissions": []}}, {"model": "auth.user", "pk": 16, "fields": {"password": "pbkdf2_sha256$1200000$LzDyr1OqyIjIsXbn9EDxdY$JOcVl3s5CjKJ6LFmscAtbhh/bS4hJmZYiVHj/g+oV6k=", "last_login": "2026-06-16T20:12:22.570Z", "is_superuser": false, "username": "user", "first_name": "", "last_name": "", "email": "", "is_staff": false, "is_active": true, "date_joined": "2026-06-16T20:03:31.507Z", "groups": [], "user_permissions": []}}, {"model": "sessions.session", "pk": "0z6ablb7rta9yxfmr1mmqmucf5e8ohcw", "fields": {"session_data": ".eJxVjDsOwjAQBe_iGllx_MmGkj5nsHbtNQ4gW4qTCnF3EikFtDPz3lt43Nbst8aLn6O4Cicuv4wwPLkcIj6w3KsMtazLTPJI5GmbnGrk1-1s_w4ytryvTey00Y5TYHKjTTpBDzRGUGZnoICMZTSdwiENpEN0ITiwCnqGhMmIzxf1tzh-:1wZZY2:s3wGEhlT-2zCvBAAtsTtvWZIkuvPM_Isijz8xfLJttw", "expire_date": "2026-06-30T19:34:10.094Z"}}, {"model": "sessions.session", "pk": "4ip3pq3c8fbypuinvj2dlsid9o1q9jr6", "fields": {"session_data": ".eJxVjEsOwjAMBe-SNYqahsYpS_Y9Q2XHNimgROpnhbg7VOoCtm9m3suMuK153BaZx4nNxQRz-t0I00PKDviO5VZtqmWdJ7K7Yg-62KGyPK-H-3eQccnfGiRGaTR4ckrYR4DkhX3Spm89J-i46wKLegctBWiRNJJCwIB6FnXm_QEASDje:1wPl9T:4a_-Xn0IIWf9auC9av5iICDnRaQvjF4ji6T8ATOEyXY", "expire_date": "2026-06-03T17:56:15.327Z"}}, {"model": "sessions.session", "pk": "5q5z84yg1n9d7lgr8ow35u197oo0e4lj", "fields": {"session_data": ".eJxVjEsOwjAMBe-SNYqahsYpS_Y9Q2XHNimgROpnhbg7VOoCtm9m3suMuK153BaZx4nNxQRz-t0I00PKDviO5VZtqmWdJ7K7Yg-62KGyPK-H-3eQccnfGiRGaTR4ckrYR4DkhX3Spm89J-i46wKLegctBWiRNJJCwIB6FnXm_QEASDje:1wOKDx:u1i0KtA56ImHIsosoSii3MUlZ_sbsWtpjRFys2jBfro", "expire_date": "2026-05-30T18:58:57.096Z"}}, {"model": "sessions.session", "pk": "5xcb40jyq561d7z6plh30yfy6oyt3xqm", "fields": {"session_data": ".eJxVjEsOwjAMBe-SNYqahsYpS_Y9Q2XHNimgROpnhbg7VOoCtm9m3suMuK153BaZx4nNxQRz-t0I00PKDviO5VZtqmWdJ7K7Yg-62KGyPK-H-3eQccnfGiRGaTR4ckrYR4DkhX3Spm89J-i46wKLegctBWiRNJJCwIB6FnXm_QEASDje:1wJcsg:gatpsXa7e95l_DZD3L12JXDS8Q6qh9XY0eAJcxOB6mk", "expire_date": "2026-05-17T19:53:34.544Z"}}, {"model": "sessions.session", "pk": "bvacsyn8cyv4e9bc5ydt1s4chr0pe778", "fields": {"session_data": ".eJxVjLEOwyAQQ_-FuUIBcjnSsXu-AR0clLRVkEIyVf33EilDO1iy_Gy_haN9y26vcXUzi6tQWlx-Q0_hGZeD8IOWe5GhLNs6e3lU5EmrnArH1-3s_h1kqrmtkVXqVafZA2sg6w0MTAZ4oI4xJfDYB0TQXhswcWzOGLRBD3ZsQvH5Av9fNyM:1wZZgp:YJFeV8jZuU2l2eRXn1ntar22ANKxA7qD2v7TyVAfmfs", "expire_date": "2026-06-30T19:43:15.439Z"}}, {"model": "sessions.session", "pk": "gyohr8sexzhtilnovu3yjjho8lgamn18", "fields": {"session_data": ".eJxVjDsOwjAQBe_iGllx_MmGkj5nsHbtNQ4gW4qTCnF3EikFtDPz3lt43Nbst8aLn6O4Cicuv4wwPLkcIj6w3KsMtazLTPJI5GmbnGrk1-1s_w4ytryvTey00Y5TYHKjTTpBDzRGUGZnoICMZTSdwiENpEN0ITiwCnqGhMmIzxf1tzh-:1wZZYb:PukHY7oatsl3r72bLbaUOxkFhMSHBnLPloqhOXp33IU", "expire_date": "2026-06-30T19:34:45.013Z"}}, {"model": "sessions.session", "pk": "i7tb1fcp4rmba7obfo53cp53suj5032g", "fields": {"session_data": ".eJxVjDsOwjAQBe_iGllx_MmGkj5nsHbtNQ4gW4qTCnF3EikFtDPz3lt43Nbst8aLn6O4Cicuv4wwPLkcIj6w3KsMtazLTPJI5GmbnGrk1-1s_w4ytryvTey00Y5TYHKjTTpBDzRGUGZnoICMZTSdwiENpEN0ITiwCnqGhMmIzxf1tzh-:1wZZXI:Avu6K6VBHBmJ8J82IYNksr242817x89ewzw8LUpNb_s", "expire_date": "2026-06-30T19:33:24.102Z"}}, {"model": "sessions.session", "pk": "iusz1rh6uw3pocr4xq74u7ebqofaehfj", "fields": {"session_data": ".eJxVjDsOwyAQRO9CHSE-xnhTpvcZ0AJLcBKBZOwqyt2DJRdJN5r3Zt7M4b5ltzda3RLZlUnDLr-lx_CkcpD4wHKvPNSyrYvnh8JP2vhcI71up_t3kLHlvoZgrQcYtYaIShpCJcTkY1Jae1LJCLCDpZBM6GlEpf0EsiNUgwES7PMF-ws3rw:1wZaAh:JplmxeEMSypt6U7dbe1aij6924Y_xj9AfnXagySXfHQ", "expire_date": "2026-06-30T20:14:07.006Z"}}, {"model": "sessions.session", "pk": "rauy1pr183k2owbzhvesk700zlwhllaa", "fields": {"session_data": ".eJxVjDsOwjAQBe_iGllx_MmGkj5nsHbtNQ4gW4qTCnF3EikFtDPz3lt43Nbst8aLn6O4Cicuv4wwPLkcIj6w3KsMtazLTPJI5GmbnGrk1-1s_w4ytryvTey00Y5TYHKjTTpBDzRGUGZnoICMZTSdwiENpEN0ITiwCnqGhMmIzxf1tzh-:1wZZYR:zGt-17Tw1dD1sE8e6MwRDaICaKRl3ekgJCOCCUD6ZdE", "expire_date": "2026-06-30T19:34:35.951Z"}}, {"model": "sessions.session", "pk": "vbsvnkmd3bja7169fans5egv48791al5", "fields": {"session_data": ".eJxVjDsOwjAQBe_iGllx_MmGkj5nsHbtNQ4gW4qTCnF3EikFtDPz3lt43Nbst8aLn6O4Cicuv4wwPLkcIj6w3KsMtazLTPJI5GmbnGrk1-1s_w4ytryvTey00Y5TYHKjTTpBDzRGUGZnoICMZTSdwiENpEN0ITiwCnqGhMmIzxf1tzh-:1wZZVJ:DbjTz_JdT3Omkrt_z8HmeN-6t1ge-Y3NIDdFPcEzZZs", "expire_date": "2026-06-30T19:31:21.158Z"}}, {"model": "sessions.session", "pk": "z3valxit6cyq8uu6unymfwisq8735bm3", "fields": {"session_data": ".eJxVjDsOwjAQBe_iGllx_MmGkj5nsHbtNQ4gW4qTCnF3EikFtDPz3lt43Nbst8aLn6O4Cicuv4wwPLkcIj6w3KsMtazLTPJI5GmbnGrk1-1s_w4ytryvTey00Y5TYHKjTTpBDzRGUGZnoICMZTSdwiENpEN0ITiwCnqGhMmIzxf1tzh-:1wZZYC:fLkOmrFVBWy0767E0QxaM9I9kAzUGgU3GAJ1MwcpbF0", "expire_date": "2026-06-30T19:34:20.744Z"}}, {"model": "sessions.session", "pk": "zu8dknb1fesjg26qz0p4uxrpfysszcnp", "fields": {"session_data": ".eJxVjMsOwiAQRf-FtSEDDBRcuvcbCI9BqgaS0q6M_65NutDtPefcF_NhW6vfBi1-zuzMhGKn3zGG9KC2k3wP7dZ56m1d5sh3hR908GvP9Lwc7t9BDaN-ayMSKSOLLgQmUMakctIWJgUxGqGFJJwsOVQZI0ApaIEQkIx0MThg7w8JcTfJ:1wZZnf:sese8nhW5IZuCvQf-gc3WcNpRD8bIbClBQat2MAKSCc", "expire_date": "2026-06-30T19:50:19.824Z"}}]

